<VAST version="3.0">
<Ad sequence="1">
<InLine>
<AdSystem>2.0</AdSystem>
<AdTitle>ad1</AdTitle>
<Impression>
</Impression>
<Creatives>
<Creative>
<Linear>
<Duration>00:00:15</Duration>
<TrackingEvents>
</TrackingEvents>
<MediaFiles>
<MediaFile delivery="progressive" type="video/mp4" width="1920" height="1080">
<![CDATA[
https://s3-ap-northeast-1.amazonaws.com/ad-akafuku-20190523/ad1.mp4
]]>
</MediaFile>
</MediaFiles>
</Linear>
</Creative>
</Creatives>
</InLine>
</Ad>
</VAST>